OTUs,Phylum,Class,Order,Family,Genus,Species,Confidence
002ffec53cd196b4bc3249d63d0eab78,D_1__Bacteroidetes,D_2__Bacteroidia,D_3__Bacteroidales,D_4__Porphyromonadaceae,D_5__Porphyromonas,D_6__Porphyromonas pogonae,0.8533996
005d517ab8f6efa378a09d105f8945ef,D_1__Bacteroidetes,D_2__Bacteroidia,D_3__Flavobacteriales,D_4__Weeksellaceae,D_5__Chryseobacterium,D_5__Chryseobacterium,0.999994
00a26b2be8bc19e5315b238405f92e27,D_1__Proteobacteria,D_2__Gammaproteobacteria,D_3__Alteromonadales,D_4__Marinobacteraceae,D_5__Marinobacter,D_5__Marinobacter,0.999834
00f7793b9e96c3365f6a3a097c56805d,D_1__Firmicutes,D_2__Bacilli,D_3__Bacillales,D_4__Listeriaceae,D_5__Brochothrix,D_6__Brochothrix thermosphacta,0.7087645
032f61de20498fd80e8138e49f3e86f2,D_1__Deinococcus-Thermus,D_2__Deinococci,D_3__Deinococcales,D_4__Deinococcaceae,D_5__Deinococcus,D_6__unidentified,0.9998282
038e627cb2c80fd1f6d622f92a9dda49,D_1__Proteobacteria,D_2__Gammaproteobacteria,D_3__Pseudomonadales,D_4__Moraxellaceae,D_5__Moraxella,D_5__Moraxella,0.9999124
0429a8a999c3238e12bbfaa1714d385e,D_1__Proteobacteria,D_2__Gammaproteobacteria,D_3__Vibrionales,D_4__Vibrionaceae,D_5__Vibrio,D_5__Vibrio,0.9702945
04b4d3983e1f8ad7feee6d4ef1291e78,D_1__Firmicutes,D_2__Clostridia,D_3__Clostridiales,D_4__Family XIII,D_5__[Eubacterium] nodatum group,D_6__uncultured bacterium,0.989615
05132b1dde6536848b2b69d54c367c2a,D_1__Proteobacteria,D_2__Gammaproteobacteria,D_3__Xanthomonadales,D_4__Xanthomonadaceae,D_4__Xanthomonadaceae,D_4__Xanthomonadaceae,0.9999995
054e34b35c5b3256a58642cc59643932,D_1__Firmicutes,D_2__Clostridia,D_3__Clostridiales,D_4__Ruminococcaceae,D_5__Fastidiosipila,D_6__Clostridiaceae bacterium SK061,0.9991924
05c2d2963f606b1530be56ab8ce2e427,D_1__Actinobacteria,D_2__Actinobacteria,D_3__Bifidobacteriales,D_4__Bifidobacteriaceae,D_5__Bifidobacterium,D_5__Bifidobacterium,0.9999999
078b143fd74a69b12a4aceb34510ed48,D_1__Proteobacteria,D_2__Alphaproteobacteria,D_3__Rhizobiales,D_4__Stappiaceae,D_5__Stappia,D_6__uncultured bacterium,0.8987249
082723990a01e8f9f329446b6e28e9b6,D_1__Bacteroidetes,D_2__Bacteroidia,D_3__Chitinophagales,D_4__Chitinophagaceae,D_5__Niabella,D_6__uncultured bacterium,0.7561027
0b2b5b487f1d6b85cf9bc00867f37c74,D_1__Actinobacteria,D_2__Actinobacteria,D_3__Micrococcales,D_4__Microbacteriaceae,D_4__Microbacteriaceae,D_4__Microbacteriaceae,0.992804
0b36c352632cb1346cdc7d73f9fb376c,D_1__Proteobacteria,D_2__Gammaproteobacteria,D_3__Pseudomonadales,D_4__Pseudomonadaceae,D_5__Pseudomonas,D_5__Pseudomonas,0.9974255
0be89190fc0484bb8c920b60d0499a44,D_1__Actinobacteria,D_2__Actinobacteria,D_3__Micrococcales,D_4__Dermatophilaceae,D_4__Dermatophilaceae,D_4__Dermatophilaceae,0.8441438
0c579d21280801f02a641e1608606927,D_1__Actinobacteria,D_2__Actinobacteria,D_3__Micrococcales,D_4__Micrococcaceae,D_5__Micrococcus,D_5__Micrococcus,0.999517
0d197b0ccf709e093995833028de72cd,D_1__Bacteroidetes,D_2__Bacteroidia,D_3__Flavobacteriales,D_4__Flavobacteriaceae,D_5__Flavobacterium,D_6__Flavobacterium hauense,0.7201581
0e4b96294f2a2985a5d7fd8c87f7ce6d,D_1__Bacteroidetes,D_2__Bacteroidia,D_3__Sphingobacteriales,D_4__Sphingobacteriaceae,D_5__Pedobacter,D_5__Pedobacter,0.9952706
0f53b40492f9a673575b6babd1807480,D_1__Actinobacteria,D_2__Actinobacteria,D_3__Micrococcales,D_4__Micrococcaceae,D_5__Glutamicibacter,D_6__uncultured bacterium,0.9890298
1039801c7b8c9c50e68880e644bdec1d,D_1__Bacteroidetes,D_2__Bacteroidia,D_3__Cytophagales,D_4__MWH-CFBk5,D_5__uncultured compost bacterium,D_6__uncultured compost bacterium,0.9821361
107273e73071282e4d0f4a0b46548da5,D_1__Proteobacteria,D_2__Gammaproteobacteria,D_3__Aeromonadales,D_4__Aeromonadaceae,D_5__Aeromonas,D_5__Aeromonas,0.9773021
12322f15c5dcca422f121c2e90eb3566,D_1__Proteobacteria,D_2__Alphaproteobacteria,D_3__Caulobacterales,D_4__Caulobacteraceae,D_5__Brevundimonas,D_6__Brevundimonas diminuta,0.8980881
12c4cf4a9b6a4541ef111f02191bae96,D_1__Proteobacteria,D_2__Gammaproteobacteria,D_3__Oceanospirillales,D_4__Halomonadaceae,D_5__Halomonas,D_5__Halomonas,0.9999332
12deb1a5e626e120f47cfbf34f92c270,D_1__Firmicutes,D_2__Bacilli,D_3__Lactobacillales,D_4__Enterococcaceae,D_5__Enterococcus,D_5__Enterococcus,0.9759672
13153149b8fc22769b54de2aa682755c,D_1__Proteobacteria,D_2__Gammaproteobacteria,D_3__Alteromonadales,D_4__Idiomarinaceae,D_5__Aliidiomarina,D_5__Aliidiomarina,0.9999589
13307ad2206627a55be319e5245c4f5d,D_1__Firmicutes,D_2__Bacilli,D_3__Lactobacillales,D_4__Streptococcaceae,D_5__Streptococcus,D_6__Streptococcus varani,0.983028
1354d8eddb9222983aca5a2fd2c6c7a5,D_1__Actinobacteria,D_2__Actinobacteria,D_3__Micrococcales,D_4__Brevibacteriaceae,D_5__Brevibacterium,D_5__Brevibacterium,1
13cf6ebeae671808e6729f1806588d5f,D_1__Actinobacteria,D_2__Acidimicrobiia,D_3__Microtrichales,D_4__Iamiaceae,D_5__Iamia,D_5__Iamia,0.9981691
167c6d147eb47201a017f76454419a9a,D_1__Bacteroidetes,D_2__Bacteroidia,D_3__Flavobacteriales,D_4__Weeksellaceae,D_5__Soonwooa,D_6__Soonwooa buanensis,0.8046238
16eae94edfb49a22d23c311d4232972e,D_1__Bacteroidetes,D_2__Bacteroidia,D_3__Chitinophagales,D_4__Chitinophagaceae,D_5__Filobacterium,D_5__Filobacterium,0.9999766
176da06264f4bec6bb9862a6309a2d38,D_1__Bacteroidetes,D_2__Bacteroidia,D_3__Chitinophagales,D_4__Chitinophagaceae,D_5__Haoranjiania,D_6__Haoranjiania flava,0.9659776
18973008be252fac0188fdf09f545a9e,D_1__Firmicutes,D_2__Bacilli,D_3__Bacillales,D_4__Planococcaceae,D_4__Planococcaceae,D_4__Planococcaceae,0.9974746
18ed2c565150cefb2486652676307e2d,D_1__Proteobacteria,D_2__Gammaproteobacteria,D_3__Pasteurellales,D_4__Pasteurellaceae,D_5__Mannheimia,D_5__Mannheimia,0.9795884
19242d6e262c55c76fdde74fbd05d9ad,D_1__Proteobacteria,D_2__Gammaproteobacteria,D_3__Pseudomonadales,D_4__Moraxellaceae,D_5__Acinetobacter,D_5__Acinetobacter,0.9999849
195a54476a1802d75e0e773601fe964b,D_1__Actinobacteria,D_2__Actinobacteria,D_3__Corynebacteriales,D_4__Corynebacteriaceae,D_5__Corynebacterium,D_5__Corynebacterium,0.8848719
1a069ea36017c7efc95d851374fa7382,D_1__Firmicutes,D_2__Bacilli,D_3__Lactobacillales,D_4__Lactobacillaceae,D_5__Lactobacillus,D_6__Lactobacillus vaginalis,0.8530272
1b252fd446d25647aa2db66ac34342b0,D_1__Firmicutes,D_2__Bacilli,D_3__Lactobacillales,D_4__Carnobacteriaceae,D_5__Jeotgalibaca,D_6__uncultured bacterium,0.7746692
1b98b00b0fc819488d76aa0c09d57bcc,D_1__Bacteroidetes,D_2__Bacteroidia,D_3__Flavobacteriales,D_4__Weeksellaceae,D_5__Elizabethkingia,D_5__Elizabethkingia,0.9999894
1bdad0b4f050c7cbdd63f50b2e03fba7,D_1__Bacteroidetes,D_2__Bacteroidia,D_3__Flavobacteriales,D_4__Flavobacteriaceae,D_5__Flavobacterium,D_6__Flavobacterium ceti,0.9211358
1c58e786550cf680371ff55bedc557f5,D_1__Bacteroidetes,D_2__Bacteroidia,D_3__Flavobacteriales,D_4__Weeksellaceae,D_5__Chryseobacterium,D_5__Chryseobacterium,0.9999952
1c7d2ad94334dd47c5d0181ab8aea2b9,D_1__Epsilonbacteraeota,D_2__Campylobacteria,D_3__Campylobacterales,D_4__Arcobacteraceae,D_5__Arcobacter,D_6__Arcobacter cryaerophilus,0.9355597
1d5cc8a75799eca3f5432c57716b7032,D_1__Firmicutes,D_2__Bacilli,D_3__Lactobacillales,D_4__Streptococcaceae,D_5__Streptococcus,D_6__Streptococcus varani,0.9429609
1dbe3ee95e0fcbc126a5f62d7dd439e6,D_1__Bacteroidetes,D_2__Bacteroidia,D_3__Flavobacteriales,D_4__Weeksellaceae,D_5__Moheibacter,D_6__uncultured bacterium,0.9997051
1e5252f7f059d825508ebf3880dffd92,D_1__Proteobacteria,D_2__Gammaproteobacteria,D_3__Oceanospirillales,D_4__Halomonadaceae,D_5__Halomonas,D_5__Halomonas,0.9995088
1e5f3385ebf03a1ba5d0ddf9a10f1c4f,D_1__Firmicutes,D_2__Clostridia,D_3__Clostridiales,D_4__Christensenellaceae,D_5__Christensenellaceae R-7 group,D_6__uncultured Clostridiales bacterium,0.9713623
1ea2f9d607aa4384dd1943be0b9c9a25,D_1__Bacteroidetes,D_2__Bacteroidia,D_3__Bacteroidales,D_4__Muribaculaceae,D_5__uncultured bacterium,D_6__uncultured bacterium,0.9974308
21c33895026584d5131ff4eb7d59df52,D_1__Proteobacteria,D_2__Gammaproteobacteria,D_3__Xanthomonadales,D_4__Xanthomonadaceae,D_5__Stenotrophomonas,D_5__Stenotrophomonas,0.9999957
24051ef88d0304b64d9d8f9b863126e6,D_1__Proteobacteria,D_2__Alphaproteobacteria,D_3__Rhizobiales,D_4__Rhizobiaceae,D_5__Shinella,D_5__Shinella,0.8954285
24aa8484c8a77b6b1a4d66049b0bfc0b,D_1__Proteobacteria,D_2__Gammaproteobacteria,D_3__Alteromonadales,D_4__Alteromonadaceae,D_5__Alishewanella,D_6__uncultured bacterium,0.9154781
26074b3c2343a3e408ed81c095c5b376,D_1__Proteobacteria,D_2__Alphaproteobacteria,D_3__Sphingomonadales,D_4__Sphingomonadaceae,D_4__Sphingomonadaceae,D_4__Sphingomonadaceae,0.9999775
289f8b2791f2e91386161b5990da61d7,D_1__Proteobacteria,D_2__Gammaproteobacteria,D_3__Betaproteobacteriales,D_4__Burkholderiaceae,D_4__Burkholderiaceae,D_4__Burkholderiaceae,0.999991
2920a924903abc8c8f25b5d8f079871e,D_1__Bacteroidetes,D_2__Bacteroidia,D_3__Bacteroidales,D_4__Prevotellaceae,D_5__Prevotellaceae UCG-003,D_5__Prevotellaceae UCG-003,1
2981ef29bfa309b82ff5004f3f092916,D_1__Firmicutes,D_2__Clostridia,D_3__Clostridiales,D_4__Lachnospiraceae,D_5__Lachnospiraceae NK3A20 group,D_6__uncultured rumen bacterium,0.7683071
298395c1d60a6f23d4b07746ec16a18f,D_1__Proteobacteria,D_2__Alphaproteobacteria,D_3__Rhizobiales,D_4__Rhizobiaceae,D_4__Rhizobiaceae,D_4__Rhizobiaceae,0.9999798
2a993899f0abe361aecad4e585fccab5,D_1__Actinobacteria,D_2__Actinobacteria,D_3__Corynebacteriales,D_4__Corynebacteriaceae,D_5__Corynebacterium 1,D_5__Corynebacterium 1,0.9911027
2c37c2e307a52bbde605ac567ed53b75,D_1__Patescibacteria,D_2__Gracilibacteria,D_3__Absconditabacteriales (SR1),D_4__uncultured bacterium,D_5__uncultured bacterium,D_6__uncultured bacterium,0.8160251
2c6a861acb36a200358ccdc2d1ac5e86,D_1__Tenericutes,D_2__Mollicutes,D_3__Mycoplasmatales,D_4__Mycoplasmataceae,D_5__Mycoplasma,D_6__Mycoplasma bovis,0.7454989
2c982937754e6321f861027032db80f7,D_1__Bacteroidetes,D_2__Bacteroidia,D_3__Bacteroidales,D_4__Bacteroidaceae,D_5__Bacteroides,D_6__Bacteroides fragilis,0.9364932
2d397ae8b3439d9e256af893d2967e72,D_1__Proteobacteria,D_2__Gammaproteobacteria,D_3__Betaproteobacteriales,D_4__Burkholderiaceae,D_4__Burkholderiaceae,D_4__Burkholderiaceae,0.9999995
2ef1e51ab1cf99a3c6417b05a060830e,D_1__Firmicutes,D_2__Bacilli,D_3__Lactobacillales,D_4__Lactobacillaceae,D_5__Lactobacillus,D_5__Lactobacillus,0.999999
2f3b9a4179f113beb940c0c085f61388,D_1__Firmicutes,D_2__Bacilli,D_3__Lactobacillales,D_4__Streptococcaceae,D_5__Streptococcus,D_5__Streptococcus,0.9999993
30ad487e1e86be71afce4e03fd7553b5,D_1__Proteobacteria,D_2__Gammaproteobacteria,D_3__Alteromonadales,D_4__Alteromonadaceae,D_5__Alishewanella,D_6__uncultured bacterium,0.7664626
31f71ce5b3e181687916a3ce57c0e880,D_1__Actinobacteria,D_2__Actinobacteria,D_3__Corynebacteriales,D_4__Dietziaceae,D_5__Dietzia,D_5__Dietzia,0.9991238
34239f14f57eed8a2971a240df604a06,D_1__Proteobacteria,D_2__Gammaproteobacteria,D_3__Alteromonadales,D_4__Shewanellaceae,D_5__Shewanella,D_6__Shewanella algae,0.8340275
3481fa43fe5fba6aecdc7f9aae6ed9c0,D_1__Proteobacteria,D_2__Gammaproteobacteria,D_3__Enterobacteriales,D_4__Enterobacteriaceae,D_4__Enterobacteriaceae,D_4__Enterobacteriaceae,0.9992892
34e07216eaf862049aedd21b8f284b28,D_1__Proteobacteria,D_2__Gammaproteobacteria,D_3__Pasteurellales,D_4__Pasteurellaceae,D_5__Pasteurella,D_6__Pasteurella multocida,0.814128
36b97543fe5f44e30f46474e8c99f62e,D_1__Epsilonbacteraeota,D_2__Campylobacteria,D_3__Campylobacterales,D_4__Arcobacteraceae,D_5__Arcobacter,D_6__Arcobacter cryaerophilus,0.8184705
36ecd054f5309a9658926a0926d7ee82,D_1__Proteobacteria,D_2__Alphaproteobacteria,D_3__Rhizobiales,D_4__Rhizobiaceae,D_5__Shinella,D_5__Shinella,0.9819183
38367a8a414bbde849313409772ca4b8,D_1__Firmicutes,D_2__Bacilli,D_3__Bacillales,D_4__Bacillaceae,D_5__Bacillus,D_5__Bacillus,0.9996777
39fec41753c744ead70a63753dd9cf79,D_1__Actinobacteria,D_2__Actinobacteria,D_3__Micrococcales,D_4__AKAU3644,D_5__uncultured bacterium,D_6__uncultured bacterium,0.9967658
3b9421a3ce8ac8dd344fd8eeda53b230,D_1__Bacteroidetes,D_2__Bacteroidia,D_3__Flavobacteriales,D_4__Flavobacteriaceae,D_5__Myroides,D_5__Myroides,0.9999999
3d0b8b98e55e92bc05cde313944f73a5,D_1__Firmicutes,D_2__Bacilli,D_3__Lactobacillales,D_4__Carnobacteriaceae,D_5__Alkalibacterium,D_5__Alkalibacterium,0.7385575
3da90155817eaf9802b763aca0d02e28,D_1__Bacteroidetes,D_2__Bacteroidia,D_3__Bacteroidales,D_4__Dysgonomonadaceae,D_5__Proteiniphilum,D_6__uncultured Porphyromonadaceae bacterium,0.8918444
3de0611b9650e4cab6f2ec0b1255d664,D_1__Actinobacteria,D_2__Actinobacteria,D_3__Micrococcales,D_4__Brevibacteriaceae,D_5__Brevibacterium,D_5__Brevibacterium,1
3ebe761bfb1238c87195d431f41bf976,D_1__Proteobacteria,D_2__Gammaproteobacteria,D_3__Pseudomonadales,D_4__Moraxellaceae,D_5__Acinetobacter,D_5__Acinetobacter,0.9999575
40ffda8e8ade993e0b276bfac8e81e10,D_1__Firmicutes,D_2__Clostridia,D_3__Clostridiales,D_4__Christensenellaceae,D_5__Christensenellaceae R-7 group,D_5__Christensenellaceae R-7 group,0.7631205
410a1a55ad49a0b1059d6edefd74087e,D_1__Proteobacteria,D_2__Alphaproteobacteria,D_3__Caulobacterales,D_4__Caulobacteraceae,D_5__Brevundimonas,D_5__Brevundimonas,0.9999874
41e6c0b55654af1d5cd503359fb77d18,D_1__Proteobacteria,D_2__Alphaproteobacteria,D_3__Caulobacterales,D_4__Caulobacteraceae,D_5__Brevundimonas,D_5__Brevundimonas,0.9999999
44dff1e33d673c577fb51a8085572a5b,D_1__Firmicutes,D_2__Clostridia,D_3__Clostridiales,D_4__Family XI,D_5__Helcococcus,D_6__uncultured bacterium,0.999998
46676473507882d22645eb1101d043ad,D_1__Bacteroidetes,D_2__Bacteroidia,D_3__Flavobacteriales,D_4__Flavobacteriaceae,D_5__Myroides,D_5__Myroides,1
47d0f3d7e73980aa27bf4d8d9db49e66,D_1__Firmicutes,D_2__Clostridia,D_3__Clostridiales,D_4__Lachnospiraceae,D_5__Lachnospiraceae NK3A20 group,D_5__Lachnospiraceae NK3A20 group,0.9956415
4850a238b7fbbd5ffa204c5a5a396f2c,D_1__Proteobacteria,D_2__Gammaproteobacteria,D_3__Enterobacteriales,D_4__Enterobacteriaceae,D_5__Hafnia-Obesumbacterium,D_5__Hafnia-Obesumbacterium,0.9575566
4ad8db20b074326a0cf62c3f373ebd63,D_1__Actinobacteria,D_2__Actinobacteria,D_3__Corynebacteriales,D_4__Corynebacteriaceae,D_5__Corynebacterium 1,D_6__Corynebacterium glutamicum,0.9173333
4bff4218adaf060bde2da67e0a3dc84a,D_1__Proteobacteria,D_2__Gammaproteobacteria,D_3__Alteromonadales,D_4__Alteromonadaceae,D_5__Rheinheimera,D_6__Alishewanella tabrizica,0.8856675
4c0ddccd61a40f0206830393d5a2ffbc,D_1__Actinobacteria,D_2__Actinobacteria,D_3__Frankiales,D_4__Geodermatophilaceae,D_5__Antricoccus,D_6__uncultured bacterium,0.9506751
4c8c897796056dc9a036f69ec381d712,D_1__Proteobacteria,D_2__Gammaproteobacteria,D_3__Pseudomonadales,D_4__Moraxellaceae,D_5__Moraxella,D_6__Moraxella boevrei DSM 14165,0.9581575
4c974b834afe158c4265402ee0bfcbad,D_1__Bacteroidetes,D_2__Bacteroidia,D_3__Bacteroidales,D_4__Muribaculaceae,D_5__uncultured Porphyromonadaceae bacterium,D_6__uncultured Porphyromonadaceae bacterium,0.9998697
4d72007c70f4abc0bf9e8fe8b826d07d,D_1__Proteobacteria,D_2__Gammaproteobacteria,D_3__Enterobacteriales,D_4__Enterobacteriaceae,D_4__Enterobacteriaceae,D_4__Enterobacteriaceae,0.9999772
4d759e418fd4cd2fe4c142ae8dd44f20,D_1__Bacteroidetes,D_2__Bacteroidia,D_3__Sphingobacteriales,D_4__Sphingobacteriaceae,D_5__uncultured,D_6__Sphingobacterium jejuense,0.9913063
4e98a9860129dffd36461ecb4daee8af,D_1__Firmicutes,D_2__Negativicutes,D_3__Selenomonadales,D_4__Acidaminococcaceae,D_5__Phascolarctobacterium,D_6__uncultured Veillonellaceae bacterium,0.8492764
506a2d7b10863461ac70a45b45efd13b,D_1__Firmicutes,D_2__Clostridia,D_3__Clostridiales,D_4__Clostridiaceae 1,D_5__uncultured,D_6__uncultured Bacillus sp.,0.9496826
514b19a584ab78de6179970686a20e8e,D_1__Proteobacteria,D_2__Gammaproteobacteria,D_3__Aeromonadales,D_4__Succinivibrionaceae,D_5__Ruminobacter,D_6__uncultured bacterium,0.9999993
51c498e41b4bc032be8910df70a28299,D_1__Firmicutes,D_2__Bacilli,D_3__Lactobacillales,D_4__Streptococcaceae,D_5__Streptococcus,D_6__Streptococcus parauberis,0.9748645
55cc4f753ac3619731665b16b209af3f,D_1__Actinobacteria,D_2__Actinobacteria,D_3__Micrococcales,D_4__Promicromonosporaceae,D_5__Isoptericola,D_5__Isoptericola,0.7240137
5614a87b2a76caec36b6a41c166e6b69,D_1__Proteobacteria,D_2__Gammaproteobacteria,D_3__Betaproteobacteriales,D_4__Burkholderiaceae,D_5__Oligella,D_6__uncultured bacterium,0.8248088
5648dccee530d68ceb3e4d7d22cf8756,D_1__Proteobacteria,D_2__Gammaproteobacteria,D_3__Pseudomonadales,D_4__Pseudomonadaceae,D_5__Pseudomonas,D_5__Pseudomonas,0.9999365
5673ae66819e3bdbbc09461e4959159e,D_1__Proteobacteria,D_2__Gammaproteobacteria,D_3__Enterobacteriales,D_4__Enterobacteriaceae,D_5__Pantoea,D_5__Pantoea,0.8855874
569653b1659271a290facfcedd0de061,D_1__Firmicutes,D_2__Bacilli,D_3__Lactobacillales,D_4__Enterococcaceae,D_5__Enterococcus,D_5__Enterococcus,0.9914939
57d493e272e76b68e3e2ccc27d9a9b44,D_1__Proteobacteria,D_2__Alphaproteobacteria,D_3__Rhizobiales,D_4__Rhizobiaceae,D_5__Aliihoeflea,D_6__uncultured Aliihoeflea sp.,0.835212
588498bd969e82519d24a6c9fd3b5dae,D_1__Proteobacteria,D_2__Gammaproteobacteria,D_3__Alteromonadales,D_4__Idiomarinaceae,D_5__Aliidiomarina,D_5__Aliidiomarina,0.9999984
59364744507fc064189cc76039389725,D_1__Proteobacteria,D_2__Gammaproteobacteria,D_3__Betaproteobacteriales,D_4__Burkholderiaceae,D_4__Burkholderiaceae,D_4__Burkholderiaceae,1
5963c7396b3457b63ce5b2c07055d770,D_1__Bacteroidetes,D_2__Bacteroidia,D_3__Flavobacteriales,D_4__Weeksellaceae,D_5__Moheibacter,D_6__uncultured compost bacterium,1
5b6f8fbabd1b7998dbb4a567c9f07876,D_1__Bacteroidetes,D_2__Bacteroidia,D_3__Sphingobacteriales,D_4__Sphingobacteriaceae,D_5__Nubsella,D_6__uncultured bacterium,0.8803521
5bd6cf22f34d9d86f15452b438ebbd5e,D_1__Firmicutes,D_2__Clostridia,D_3__Clostridiales,D_4__Ruminococcaceae,D_5__Ruminococcaceae UCG-005,D_6__uncultured Ruminococcaceae bacterium,0.7429832
5c061dc8bafe80b5767222e204384886,D_1__Proteobacteria,D_2__Alphaproteobacteria,D_3__Rhizobiales,D_4__Rhizobiaceae,D_5__Pseudochrobactrum,D_6__Pseudochrobactrum saccharolyticum,0.7879758
5d85d1ed69c6d9cc8b5a0ec6319f4186,D_1__Proteobacteria,D_2__Gammaproteobacteria,D_3__Pseudomonadales,D_4__Moraxellaceae,D_5__Psychrobacter,D_5__Psychrobacter,0.9738754
5de274fb19b766b02cee3f8113cdb6b0,D_1__Bacteroidetes,D_2__Bacteroidia,D_3__Bacteroidales,D_4__Prevotellaceae,D_5__Prevotella 2,D_6__uncultured bacterium,0.9543177
5e22dafa8cf8aae263752621eac29d1e,D_1__Tenericutes,D_2__Mollicutes,D_3__Mycoplasmatales,D_4__Mycoplasmataceae,D_5__Mycoplasma,D_6__Mycoplasma bovirhinis,0.9261721
5f676e17b06e4d9f5695c87259abfdeb,D_1__Bacteroidetes,D_2__Bacteroidia,D_3__Sphingobacteriales,D_4__Sphingobacteriaceae,D_5__Sphingobacterium,D_5__Sphingobacterium,1
5f77e37d4b5ffdb0aa6c2e11ccceea27,D_1__Bacteroidetes,D_2__Bacteroidia,D_3__Bacteroidales,D_4__Prevotellaceae,D_5__Alloprevotella,D_6__uncultured bacterium,0.9999967
5fe30182f6893b5fb4f6dddef448dca2,D_1__Fibrobacteres,D_2__Fibrobacteria,D_3__Fibrobacterales,D_4__Fibrobacteraceae,D_5__Fibrobacter,D_5__Fibrobacter,1
6064e71a5391a415563b9ad0629cdcea,D_1__Firmicutes,D_2__Clostridia,D_3__Clostridiales,D_4__Peptostreptococcaceae,D_5__Acetoanaerobium,D_6__uncultured bacterium,0.9957862
6089e3455fdfb31efad4063931738ce7,D_1__Firmicutes,D_2__Clostridia,D_3__Clostridiales,D_4__Ruminococcaceae,D_5__Ruminococcaceae UCG-005,D_6__uncultured bacterium,0.8151568
60933de335c7464f51fffcd2152a39a6,D_1__Firmicutes,D_2__Bacilli,D_3__Bacillales,D_4__Planococcaceae,D_4__Planococcaceae,D_4__Planococcaceae,0.990875
60aa83c930417880929af785b44f1ec1,D_1__Synergistetes,D_2__Synergistia,D_3__Synergistales,D_4__Synergistaceae,D_5__uncultured,D_6__uncultured bacterium mle1-42,0.7377008
62727dc7f1b9c5878de3da94b2977f05,D_1__Proteobacteria,D_2__Alphaproteobacteria,D_3__Rhizobiales,D_4__Rhizobiaceae,D_5__Ochrobactrum,D_5__Ochrobactrum,0.9606555
63afe8e6aac58bf0d670a82ca5bc574c,D_1__Proteobacteria,D_2__Gammaproteobacteria,D_3__Enterobacteriales,D_4__Enterobacteriaceae,D_4__Enterobacteriaceae,D_4__Enterobacteriaceae,0.9999648
649f2efd13df2dff8125deb6f1a44f58,D_1__Proteobacteria,D_2__Gammaproteobacteria,D_3__Oceanospirillales,D_4__Halomonadaceae,D_5__Halomonas,D_5__Halomonas,0.9997075
64b9367fe606a69e030e254dbd9bf9d9,D_1__Firmicutes,D_2__Bacilli,D_3__Bacillales,D_4__Staphylococcaceae,D_5__Jeotgalicoccus,D_5__Jeotgalicoccus,0.9990688
6574614abc67d8a6903d6297e42c34de,D_1__Proteobacteria,D_2__Alphaproteobacteria,D_3__Rhizobiales,D_4__Rhizobiaceae,D_5__Ochrobactrum,D_5__Ochrobactrum,0.9796182
65d43491988bfe557da4d86a5ba25dae,D_1__Firmicutes,D_2__Bacilli,D_3__Bacillales,D_4__Staphylococcaceae,D_5__Staphylococcus,D_5__Staphylococcus,0.9999986
6745061a73630835f9e61629762b87e4,D_1__Firmicutes,D_2__Clostridia,D_3__Clostridiales,D_4__Christensenellaceae,D_5__Christensenellaceae R-7 group,D_5__Christensenellaceae R-7 group,0.9961123
68262884f1021c896f8e1bf7348d773c,D_1__Bacteroidetes,D_2__Bacteroidia,D_3__Flavobacteriales,D_4__Flavobacteriaceae,D_5__Flavobacterium,D_5__Flavobacterium,0.9999819
683a4c4e73c6d4d7324977e95fab24bc,D_1__Firmicutes,D_2__Bacilli,D_3__Lactobacillales,D_4__Streptococcaceae,D_5__Lactococcus,D_5__Lactococcus,0.9999884
6850ce35d9f55693aa55d50a05d8d826,D_1__Proteobacteria,D_2__Gammaproteobacteria,D_3__Alteromonadales,D_4__Idiomarinaceae,D_5__Idiomarina,D_5__Idiomarina,1
68b9ce06fc98f29759c01b03263a5d67,D_1__Proteobacteria,D_2__Gammaproteobacteria,D_3__Vibrionales,D_4__Vibrionaceae,D_5__Vibrio,D_5__Vibrio,0.9569563
6a4c0e5943a7eb8c9f0b5b5e69171828,D_1__Actinobacteria,D_2__Actinobacteria,D_3__Corynebacteriales,D_4__Corynebacteriaceae,D_5__Corynebacterium 1,D_5__Corynebacterium 1,0.9515823
6b5f9c6995a1e90f0415c7e82ec806e7,D_1__Bacteroidetes,D_2__Bacteroidia,D_3__Bacteroidales,D_4__p-251-o5,D_5__uncultured bacterium,D_6__uncultured bacterium,1
6e72ae280758a5dd13d6e4c2a54182db,D_1__Firmicutes,D_2__Clostridia,D_3__Clostridiales,D_4__Christensenellaceae,D_5__Christensenellaceae R-7 group,D_6__uncultured Caloramator sp.,0.9964447
6ec291fb91338128a437d6664657f052,D_1__Bacteroidetes,D_2__Bacteroidia,D_3__Sphingobacteriales,D_4__Sphingobacteriaceae,D_5__uncultured,D_6__uncultured bacterium,0.7802033
702e821793e8ad73e60a49ee91165118,D_1__Firmicutes,D_2__Bacilli,D_3__Bacillales,D_4__Thermoactinomycetaceae,D_5__Thermoactinomyces,D_6__Thermoactinomyces vulgaris,0.734156
735cb9abbbc8ff2b5b354be608a3a869,D_1__Firmicutes,D_2__Bacilli,D_3__Lactobacillales,D_4__Streptococcaceae,D_5__Streptococcus,D_5__Streptococcus,1
736af28c88d9c4a3bcfcdab573abc05f,D_1__Proteobacteria,D_2__Gammaproteobacteria,D_3__Pseudomonadales,D_4__Moraxellaceae,D_4__Moraxellaceae,D_4__Moraxellaceae,0.9999719
7489172c7e9c928b0f316459ad0c7a02,D_1__Planctomycetes,D_2__Planctomycetacia,D_3__Pirellulales,D_4__Pirellulaceae,D_5__p-1088-a5 gut group,D_6__uncultured rumen bacterium,0.9856986
775c72aa57a72b052a3f9c39f26346c9,D_1__Bacteroidetes,D_2__Bacteroidia,D_3__Bacteroidales,D_4__Prevotellaceae,D_5__Prevotellaceae NK3B31 group,D_6__uncultured bacterium,0.9918973
78db7fa6b16b73b101fbb8b282b5330e,D_1__Proteobacteria,D_2__Gammaproteobacteria,D_3__Pseudomonadales,D_4__Pseudomonadaceae,D_5__Pseudomonas,D_5__Pseudomonas,0.9993063
79c797018fb7e275cdf5a04bb046de89,D_1__Actinobacteria,D_2__Actinobacteria,D_3__Pseudonocardiales,D_4__Pseudonocardiaceae,D_5__Pseudonocardia,D_5__Pseudonocardia,0.9987277
7a0c189fd54c10eeaa4e7d44379541b8,D_1__Patescibacteria,D_2__Saccharimonadia,D_3__Saccharimonadales,D_4__Saccharimonadaceae,D_5__uncultured bacterium,D_6__uncultured bacterium,0.9848017
7a6d4a1bfc7606e2b28d1aec9abe8368,D_1__Proteobacteria,D_2__Gammaproteobacteria,D_3__Betaproteobacteriales,D_4__Burkholderiaceae,D_4__Burkholderiaceae,D_4__Burkholderiaceae,1
7b212de24bcb6e3bbdb2043237692fed,D_1__Tenericutes,D_2__Mollicutes,D_3__Acholeplasmatales,D_4__Acholeplasmataceae,D_5__Acholeplasma,D_6__uncultured bacterium,0.9997679
7b8bd443f34f9beba0798b516a885786,D_1__Bacteroidetes,D_2__Bacteroidia,D_3__Bacteroidales,D_4__Dysgonomonadaceae,D_5__Dysgonomonas,D_5__Dysgonomonas,1
7b9c8d4a1896d84d92ab4820edd025a6,D_1__Firmicutes,D_2__Bacilli,D_3__Bacillales,D_4__Staphylococcaceae,D_5__Staphylococcus,D_6__Staphylococcus lentus,0.7904327
7c0acdc6a9f8686b9797ad4ac7d0d066,D_1__Proteobacteria,D_2__Gammaproteobacteria,D_3__Vibrionales,D_4__Vibrionaceae,D_5__Vibrio,D_5__Vibrio,0.9716722
7d1843d0fe2011c3e4f9586f59bb0f5f,D_1__Proteobacteria,D_2__Alphaproteobacteria,D_3__Rhodobacterales,D_4__Rhodobacteraceae,D_4__Rhodobacteraceae,D_4__Rhodobacteraceae,0.9999984
7d454750f52d9a1d4d1670b1796e35e7,D_1__Bacteroidetes,D_2__Bacteroidia,D_3__Flavobacteriales,D_4__Flavobacteriaceae,D_5__Flavobacterium,D_5__Flavobacterium,1
7db17fcde9ddc678122a0bfff14a5a90,D_1__Bacteroidetes,D_2__Bacteroidia,D_3__Bacteroidales,D_4__Marinilabiliaceae,D_5__Saccharicrinis,D_6__uncultured bacterium,0.9995703
7e64b255ff84d5e47f5b6547612b0a7c,D_1__Tenericutes,D_2__Mollicutes,D_3__Mycoplasmatales,D_4__Mycoplasmataceae,D_5__Mycoplasma,D_6__Mycoplasma bovoculi M165/69,0.9949498
7ea4b157e51f38c83a0693ce6ea70f53,D_1__Proteobacteria,D_2__Alphaproteobacteria,D_3__Rhizobiales,D_4__Rhizobiaceae,D_5__Ochrobactrum,D_5__Ochrobactrum,0.9632901
7ead17a076e7b7b419bf50abe7eee3f4,D_1__Proteobacteria,D_2__Alphaproteobacteria,D_3__Rhizobiales,D_4__Beijerinckiaceae,D_5__Bosea,D_5__Bosea,0.9999975
7efd8f3db17fcf14b225bf5271b5def6,D_1__Proteobacteria,D_2__Alphaproteobacteria,D_3__Rhodobacterales,D_4__Rhodobacteraceae,D_4__Rhodobacteraceae,D_4__Rhodobacteraceae,0.9999859
7fb04c620b5604a5452a88bdc1e8c160,D_1__Bacteroidetes,D_2__Bacteroidia,D_3__Bacteroidales,D_4__HAW-RM37-2,D_5__uncultured bacterium,D_6__uncultured bacterium,0.9381645
820f6693f569e339f183638cd73a7fe6,D_1__Actinobacteria,D_2__Actinobacteria,D_3__Corynebacteriales,D_4__Corynebacteriaceae,D_5__Lawsonella,D_6__uncultured bacterium,0.9580573
82dece6e35540738ba450a0c3a90b5a0,D_1__Proteobacteria,D_2__Gammaproteobacteria,D_3__Enterobacteriales,D_4__Enterobacteriaceae,D_5__Serratia,D_5__Serratia,0.8615109
83dc67c9de7d55a24fa527021f6d88f7,D_1__Proteobacteria,D_2__Gammaproteobacteria,D_3__Betaproteobacteriales,D_4__Neisseriaceae,D_5__Vitreoscilla,D_6__uncultured bacterium,0.9923639
83e948f389f9d97b0c975afc880989e8,D_1__Firmicutes,D_2__Bacilli,D_3__Bacillales,D_4__Bacillaceae,D_5__Bacillus,D_5__Bacillus,0.9999159
85c44c83eddc5d3028261a1000b7d0e1,D_1__Firmicutes,D_2__Bacilli,D_3__Bacillales,D_4__Family XI,D_5__Gemella,D_5__Gemella,0.9999996
889f1bc31887efea2354ba099342a203,D_1__Actinobacteria,D_2__Actinobacteria,D_3__Streptomycetales,D_4__Streptomycetaceae,D_5__Streptomyces,D_5__Streptomyces,0.9999767
896f14ca41081b29112fe16aeb4cfa78,D_1__Proteobacteria,D_2__Gammaproteobacteria,D_3__Betaproteobacteriales,D_4__Rhodocyclaceae,D_5__Dechlorosoma,D_6__uncultured bacterium,0.7630415
89d813ff22738d7f1e4013c8dc313400,D_1__Patescibacteria,D_2__Parcubacteria,D_3__Candidatus Azambacteria,D_3__Candidatus Azambacteria,D_3__Candidatus Azambacteria,D_3__Candidatus Azambacteria,0.7062364
8b0d21669ffddb65dff2319638abc66e,D_1__Firmicutes,D_2__Clostridia,D_3__Clostridiales,D_4__Ruminococcaceae,D_5__Faecalibacterium,D_5__Faecalibacterium,0.9995976
8b91e5b1c412877f96a4a342ab6dc680,D_1__Proteobacteria,D_2__Gammaproteobacteria,D_3__Pseudomonadales,D_4__Moraxellaceae,D_5__Acinetobacter,D_5__Acinetobacter,0.9999955
8b9ce5d63321e8cbc4516380a4ecbca9,D_1__Firmicutes,D_2__Bacilli,D_3__Bacillales,D_4__Planococcaceae,D_5__Kurthia,D_6__uncultured bacterium,0.8551787
8ce12e88f6b59bb09494567f0d678092,D_1__Proteobacteria,D_2__Alphaproteobacteria,D_3__Rhizobiales,D_4__Rhizobiaceae,D_5__Allorhizobium-Neorhizobium-Pararhizobium-Rhizobium,D_5__Allorhizobium-Neorhizobium-Pararhizobium-Rhizobium,0.9970595
8d2e3754220efeddedcb1f29bd579902,D_1__Proteobacteria,D_2__Gammaproteobacteria,D_3__Pasteurellales,D_4__Pasteurellaceae,D_5__Mannheimia,D_5__Mannheimia,0.964114
8d4bcf5498cea63863c8d52dcf18048d,D_1__Firmicutes,D_2__Clostridia,D_3__Clostridiales,D_4__Family XIII,D_5__[Eubacterium] nodatum group,D_6__Eubacterium sp. AB3007,0.9999813
8e50d84fc526565c1963a5b490607d20,D_1__Proteobacteria,D_2__Gammaproteobacteria,D_3__Betaproteobacteriales,D_4__Burkholderiaceae,D_5__Alcaligenes,D_5__Alcaligenes,0.9999891
912f795ef3617aeb65ff9ad69b9567a8,D_1__Proteobacteria,D_2__Gammaproteobacteria,D_3__Xanthomonadales,D_4__Xanthomonadaceae,D_5__Stenotrophomonas,D_5__Stenotrophomonas,0.9999917
92d9b478e35d8534d6198042bd12d05f,D_1__Proteobacteria,D_2__Gammaproteobacteria,D_3__Pseudomonadales,D_4__Pseudomonadaceae,D_5__Pseudomonas,D_6__Pseudomonas pertucinogena,0.9349522
92eb590559be1722f08a6ed0a3813b2a,D_1__Proteobacteria,D_2__Gammaproteobacteria,D_3__Pasteurellales,D_4__Pasteurellaceae,D_5__Histophilus,D_5__Histophilus,0.9999952
937c9190a0afad5c358ac4f5497f9669,D_1__Patescibacteria,D_2__Saccharimonadia,D_3__Saccharimonadales,D_4__Saccharimonadaceae,D_5__uncultured bacterium,D_6__uncultured bacterium,0.9933412
9414e7134eb518f34e3dc9735cce6386,D_1__Bacteroidetes,D_2__Bacteroidia,D_3__Bacteroidales,D_4__Dysgonomonadaceae,D_5__uncultured,D_6__Petrimonas sp. feline oral taxon 112,0.8894952
945184b6386c192c0066e0a98a154780,D_1__Proteobacteria,D_2__Gammaproteobacteria,D_3__Enterobacteriales,D_4__Enterobacteriaceae,D_4__Enterobacteriaceae,D_4__Enterobacteriaceae,0.9999636
94a302cc7a648f23c27353f085b24e06,D_1__Firmicutes,D_2__Negativicutes,D_3__Selenomonadales,D_4__Veillonellaceae,D_5__Anaerovibrio,D_6__uncultured bacterium,0.9289629
95b0f6f3249c33171cbde8e45450f314,D_1__Proteobacteria,D_2__Gammaproteobacteria,D_3__Xanthomonadales,D_4__Xanthomonadaceae,D_5__Luteimonas,D_5__Luteimonas,0.9808485
95f611bbd3fd3a186a384d6d902b1bcf,D_1__Proteobacteria,D_2__Gammaproteobacteria,D_3__Pasteurellales,D_4__Pasteurellaceae,D_4__Pasteurellaceae,D_4__Pasteurellaceae,0.9999999
95f8bfae476d6319c680f98c95de18ea,D_1__Proteobacteria,D_2__Gammaproteobacteria,D_3__Aeromonadales,D_4__Succinivibrionaceae,D_5__Succinivibrio,D_6__uncultured Succinivibrio sp.,0.7480572
970dd45e40cf8b847e2575fc1cb5a3eb,D_1__Firmicutes,D_2__Bacilli,D_3__Lactobacillales,D_4__Leuconostocaceae,D_5__Weissella,D_6__Weissella paramesenteroides,0.7079737
97bd8e71f8d020210ee4affe0a3952dd,D_1__Actinobacteria,D_2__Actinobacteria,D_3__Corynebacteriales,D_4__Corynebacteriaceae,D_4__Corynebacteriaceae,D_4__Corynebacteriaceae,0.9999983
9846bf5d83bdac9d24aef087cdc40a8d,D_1__Proteobacteria,D_2__Gammaproteobacteria,D_3__Alteromonadales,D_4__Idiomarinaceae,D_5__Idiomarina,D_5__Idiomarina,1
98d994143ee6088ff0d7c4b2142f9aea,D_1__Bacteroidetes,D_2__Bacteroidia,D_3__Bacteroidales,D_4__Marinilabiliaceae,D_5__uncultured bacterium,D_6__uncultured bacterium,0.9974582
9908fffab7ed4f3bec44cda2f5084d49,D_1__Firmicutes,D_2__Bacilli,D_3__Lactobacillales,D_4__Enterococcaceae,D_5__Enterococcus,D_5__Enterococcus,0.9979295
99385356dd4bc08dd6c6a094f6d1fc38,D_1__Proteobacteria,D_2__Gammaproteobacteria,D_3__Alteromonadales,D_4__Idiomarinaceae,D_5__Aliidiomarina,D_5__Aliidiomarina,0.9999981
9acb555d3c5dd77e9035a661e7ad1bb6,D_1__Firmicutes,D_2__Clostridia,D_3__Clostridiales,D_4__Clostridiaceae 1,D_5__Clostridium sensu stricto 1,D_5__Clostridium sensu stricto 1,0.9998362
9c49c694a177e61ab5663cf5ee077b8e,D_1__Proteobacteria,D_2__Alphaproteobacteria,D_3__Caulobacterales,D_4__Caulobacteraceae,D_5__Brevundimonas,D_6__Brevundimonas terrae,0.8517038
9d6489c0c558da6c99b8b8960573b25f,D_1__Firmicutes,D_2__Clostridia,D_3__Clostridiales,D_4__Ruminococcaceae,D_5__Fastidiosipila,D_6__Clostridiales bacterium CAT 12a,1
9dfe64806b88cf1618e67976ec05d2b2,D_1__Actinobacteria,D_2__Actinobacteria,D_3__Corynebacteriales,D_4__Corynebacteriaceae,D_5__Corynebacterium 1,D_6__Corynebacterium glutamicum,0.7318751
9eab7a1249300ee6e9757c224201f94d,D_1__Proteobacteria,D_2__Gammaproteobacteria,D_3__Xanthomonadales,D_4__Xanthomonadaceae,D_5__Stenotrophomonas,D_5__Stenotrophomonas,0.9999959
9fbc66d5f9eeb51038fd4700e543ad1e,D_1__Bacteroidetes,D_2__Bacteroidia,D_3__Bacteroidales,D_4__Dysgonomonadaceae,D_5__Proteiniphilum,D_5__Proteiniphilum,0.9983429
9fec7bdd6bd88e710bd69b15692e54a0,D_1__Firmicutes,D_2__Bacilli,D_3__Lactobacillales,D_4__Streptococcaceae,D_5__Streptococcus,D_5__Streptococcus,0.9999998
a01206f0b17de33744bdac813c3c6eca,D_1__Proteobacteria,D_2__Deltaproteobacteria,D_3__Desulfovibrionales,D_4__Desulfovibrionaceae,D_5__Desulfovibrio,D_5__Desulfovibrio,0.9999985
a17bcb0877607699bd1a8aee7eba0f87,D_1__Actinobacteria,D_2__Actinobacteria,D_3__Corynebacteriales,D_4__Corynebacteriaceae,D_5__Corynebacterium 1,D_6__Corynebacterium sp. C3,0.9779362
a25b309e92346d155c67b0ba82552134,D_1__Proteobacteria,D_2__Gammaproteobacteria,D_3__Xanthomonadales,D_4__Xanthomonadaceae,D_5__Luteimonas,D_5__Luteimonas,0.8956151
a443e786f67086749ef29ce0ab494c9e,D_1__Firmicutes,D_2__Bacilli,D_3__Lactobacillales,D_4__Enterococcaceae,D_5__Enterococcus,D_5__Enterococcus,0.9944788
a4fff9d40b78aacbc7731d9b70c2e308,D_1__Proteobacteria,D_2__Alphaproteobacteria,D_3__Rhodobacterales,D_4__Rhodobacteraceae,D_5__Gemmobacter,D_5__Gemmobacter,0.9384469
a543c17cb79b3a205df6efc75d207635,D_1__Firmicutes,D_2__Clostridia,D_3__Clostridiales,D_4__Ruminococcaceae,D_5__Ruminococcaceae UCG-014,D_6__uncultured bacterium,0.9650412
a5a401d92657b7ac6e4d96863ad2e1d7,D_1__Proteobacteria,D_2__Gammaproteobacteria,D_3__Xanthomonadales,D_4__Rhodanobacteraceae,D_5__Rhodanobacter,D_5__Rhodanobacter,0.9920711
a661ba39c0d43278213aeb74319ad55e,D_1__Proteobacteria,D_2__Gammaproteobacteria,D_3__Xanthomonadales,D_4__Xanthomonadaceae,D_5__Stenotrophomonas,D_5__Stenotrophomonas,0.999998
a68167e474a77a538de0b551c6ed94c4,D_1__Firmicutes,D_2__Clostridia,D_3__Clostridiales,D_4__Family XIII,D_4__Family XIII,D_4__Family XIII,1
a785d14e7d6b1b3d39a63d148d475821,D_1__Proteobacteria,D_2__Gammaproteobacteria,D_3__Xanthomonadales,D_4__Xanthomonadaceae,D_5__Luteimonas,D_5__Luteimonas,0.9999538
a9b24370bdb02a8ee91855de7b8b2813,D_1__Actinobacteria,D_2__Actinobacteria,D_3__Bifidobacteriales,D_4__Bifidobacteriaceae,D_5__Bifidobacterium,D_5__Bifidobacterium,1
aa1087482a5bd53ec4580a739d282d60,D_1__Proteobacteria,D_2__Gammaproteobacteria,D_3__Alteromonadales,D_4__Shewanellaceae,D_5__Shewanella,D_5__Shewanella,0.9999962
aa9b3a1418d146c262ec63305292065a,D_1__Actinobacteria,D_2__Actinobacteria,D_3__Corynebacteriales,D_4__Corynebacteriaceae,D_5__Corynebacterium 1,D_5__Corynebacterium 1,0.960304
abbe347c24c0a3d7e53b62136edd426c,D_1__Proteobacteria,D_2__Gammaproteobacteria,D_3__Pseudomonadales,D_4__Moraxellaceae,D_5__Moraxella,D_6__Moraxella bovoculi,0.9547757
ac18b68ae0f113427e284f75f1c14485,D_1__Proteobacteria,D_2__Gammaproteobacteria,D_3__Xanthomonadales,D_4__Xanthomonadaceae,D_5__Luteimonas,D_5__Luteimonas,0.9301788
accccde43fc86696aca738121bbe7dbe,D_1__Actinobacteria,D_2__Actinobacteria,D_3__Corynebacteriales,D_4__Corynebacteriaceae,D_5__Corynebacterium 1,D_6__Corynebacterium xerosis,0.8720288
ad9018f80e00f2ca4b48067195ac310d,D_1__Proteobacteria,D_2__Alphaproteobacteria,D_3__Caulobacterales,D_4__Caulobacteraceae,D_5__Brevundimonas,D_6__Brevundimonas bullata,0.7149442
ae89edbbdbcdf8f5736346d6bcc795c0,D_1__Proteobacteria,D_2__Gammaproteobacteria,D_3__Vibrionales,D_4__Vibrionaceae,D_5__Vibrio,D_5__Vibrio,0.9953192
aecf056a3afe663e929e328d6b49e5e4,D_1__Firmicutes,D_2__Clostridia,D_3__Clostridiales,D_4__Ruminococcaceae,D_5__Ruminococcaceae UCG-013,D_6__uncultured bacterium,0.8865154
b060079a052d8ef0971aa8faf2adb85c,D_1__Firmicutes,D_2__Bacilli,D_3__Bacillales,D_4__Staphylococcaceae,D_5__Staphylococcus,D_5__Staphylococcus,0.9999374
b213398a2f201322cc07fe305b14fd37,D_1__Proteobacteria,D_2__Gammaproteobacteria,D_3__Pseudomonadales,D_4__Pseudomonadaceae,D_5__Pseudomonas,D_5__Pseudomonas,0.9999971
b3fe7588bbdc37f82104fd7b93551d70,D_1__Actinobacteria,D_2__Actinobacteria,D_3__Micrococcales,D_4__Micrococcales Incertae Sedis,D_5__Timonella,D_6__uncultured bacterium,0.999523
b449f5066387be07ee577a95585d45ca,D_1__Proteobacteria,D_2__Alphaproteobacteria,D_3__Rhizobiales,D_4__Rhizobiaceae,D_5__Allorhizobium-Neorhizobium-Pararhizobium-Rhizobium,D_5__Allorhizobium-Neorhizobium-Pararhizobium-Rhizobium,0.9844817
b4bb370a59f2637d406ccc0f5a1b2a1e,D_1__Proteobacteria,D_2__Gammaproteobacteria,D_3__Enterobacteriales,D_4__Enterobacteriaceae,D_5__Morganella,D_5__Morganella,0.9975996
b65d18f29be6f5ac3db468155a4157fd,D_1__Firmicutes,D_2__Clostridia,D_3__Clostridiales,D_4__Caldicoprobacteraceae,D_5__Caldicoprobacter,D_6__uncultured bacterium,0.8224102
b6ce9b0836e716508bad7ea65bac0901,D_1__Bacteroidetes,D_2__Bacteroidia,D_3__Bacteroidales,D_4__Dysgonomonadaceae,D_5__Fermentimonas,D_5__Fermentimonas,0.994059
b78e348dfb22815a4db4373d02d70631,D_1__Bacteroidetes,D_2__Bacteroidia,D_3__Bacteroidales,D_4__Bacteroidaceae,D_5__Bacteroides,D_6__Bacteroides ovatus,0.7425431
b7f5af401f678ffbe9f7299cfa59e3bf,D_1__Proteobacteria,D_2__Alphaproteobacteria,D_3__Rhizobiales,D_4__Devosiaceae,D_5__Devosia,D_5__Devosia,0.9988901
b8a83a3271a3fc492a06ef5bad532740,D_1__Firmicutes,D_2__Clostridia,D_3__Clostridiales,D_4__Lachnospiraceae,D_5__Coprococcus 1,D_6__uncultured rumen bacterium,0.9999578
b9fcd7d71b74853248517b892d03a745,D_1__Bacteroidetes,D_2__Bacteroidia,D_3__Flavobacteriales,D_4__Flavobacteriaceae,D_5__Flavobacterium,D_5__Flavobacterium,0.9999747
ba0da0d44180ef83260459a2b3443a8c,D_1__Proteobacteria,D_2__Gammaproteobacteria,D_3__Betaproteobacteriales,D_4__Burkholderiaceae,D_5__Comamonas,D_5__Comamonas,0.9331472
ba35afe1faea266c03b0a8b52a458581,D_1__Bacteroidetes,D_2__Bacteroidia,D_3__Bacteroidales,D_4__Dysgonomonadaceae,D_5__Proteiniphilum,D_5__Proteiniphilum,0.9866798
bc56a7361c9a3b49f1f1c51874321e12,D_1__Actinobacteria,D_2__Actinobacteria,D_3__Micrococcales,D_4__Micrococcaceae,D_5__Kocuria,D_6__Kocuria rhizophila,0.7664103
bd744151955c4cb05fe74ae3eba86654,D_1__Firmicutes,D_2__Bacilli,D_3__Lactobacillales,D_4__Carnobacteriaceae,D_4__Carnobacteriaceae,D_4__Carnobacteriaceae,0.886241
bed671b4676144142cebd192b690f499,D_1__Firmicutes,D_2__Clostridia,D_3__Clostridiales,D_4__Lachnospiraceae,D_5__Blautia,D_5__Blautia,0.9971425
bf8174ee3331bbbfaeeb6b46a0d9da5c,D_1__Firmicutes,D_2__Negativicutes,D_3__Selenomonadales,D_4__Acidaminococcaceae,D_5__Phascolarctobacterium,D_6__uncultured Veillonellaceae bacterium,0.7668766
bfdebe5d8c8f53fb102e0a8895ee692f,D_1__Firmicutes,D_2__Negativicutes,D_3__Selenomonadales,D_4__Veillonellaceae,D_5__Veillonella,D_5__Veillonella,0.8264453
c22b16cc6108c04f29fea3b6d4c81571,D_1__Proteobacteria,D_2__Gammaproteobacteria,D_3__Pseudomonadales,D_4__Moraxellaceae,D_5__Acinetobacter,D_6__Acinetobacter lwoffii,0.8636195
c456d36f645cd42c2b26c084ff4705dc,D_1__Proteobacteria,D_2__Gammaproteobacteria,D_3__Alteromonadales,D_4__Idiomarinaceae,D_5__Aliidiomarina,D_6__uncultured bacterium,0.8861
c5f350c9d6c626cf86bdc5cd13785c85,D_1__Firmicutes,D_2__Clostridia,D_3__Clostridiales,D_4__Ruminococcaceae,D_5__[Eubacterium] coprostanoligenes group,D_6__uncultured rumen bacterium,0.8922413
c667664df1fb6f8705f9a8a861370a72,D_1__Firmicutes,D_2__Bacilli,D_3__Lactobacillales,D_4__Lactobacillaceae,D_5__Lactobacillus,D_5__Lactobacillus,0.9987215
c66ea3d804ab0d5346b5d0a31b4562ae,D_1__Proteobacteria,D_2__Gammaproteobacteria,D_3__Xanthomonadales,D_4__Xanthomonadaceae,D_5__Stenotrophomonas,D_5__Stenotrophomonas,0.999993
c8e6a47b409e67d435c0d6771fc08107,D_1__Bacteroidetes,D_2__Bacteroidia,D_3__Bacteroidales,D_4__Bacteroidaceae,D_5__Bacteroides,D_6__uncultured Bacteroides sp.,0.965747
c973e687a7befb9ba59a4245c59fe1ef,D_1__Firmicutes,D_2__Clostridia,D_3__Clostridiales,D_4__Peptostreptococcaceae,D_5__Paeniclostridium,D_6__uncultured bacterium,0.8330349
d0fc97d34dbdeefefcfede7c9ade5f5a,D_1__Firmicutes,D_2__Bacilli,D_3__Lactobacillales,D_4__Carnobacteriaceae,D_5__Marinilactibacillus,D_5__Marinilactibacillus,0.7101281
d15bc449222795a9ff230013aa633686,D_1__Proteobacteria,D_2__Gammaproteobacteria,D_3__Pseudomonadales,D_4__Moraxellaceae,D_5__Acinetobacter,D_5__Acinetobacter,0.9979665
d32e579b3ae7b2aae8d5bf9f027c29af,D_1__Proteobacteria,D_2__Gammaproteobacteria,D_3__Betaproteobacteriales,D_4__Burkholderiaceae,D_5__Delftia,D_5__Delftia,0.9224817
d404761182ab38195d5245681f2452f5,D_1__Proteobacteria,D_2__Alphaproteobacteria,D_3__Sphingomonadales,D_4__Sphingomonadaceae,D_5__Sphingomonas,D_5__Sphingomonas,0.961901
d46e2205f0c6ecf67b51f83d111c509c,D_1__Proteobacteria,D_2__Gammaproteobacteria,D_3__Enterobacteriales,D_4__Enterobacteriaceae,D_5__Escherichia-Shigella,D_5__Escherichia-Shigella,0.9935085
d56ec1545e82e4a03225171d480264d7,D_1__Actinobacteria,D_2__Actinobacteria,D_3__Corynebacteriales,D_4__Corynebacteriaceae,D_5__Corynebacterium 1,D_5__Corynebacterium 1,0.9675814
d605521884bb70f926bb2819dca454f9,D_1__Bacteroidetes,D_2__Bacteroidia,D_3__Bacteroidales,D_4__Dysgonomonadaceae,D_5__Fermentimonas,D_5__Fermentimonas,0.9910389
d6e86aaadfff0f8c72771dd0ba426c14,D_1__Proteobacteria,D_2__Gammaproteobacteria,D_3__Pseudomonadales,D_4__Moraxellaceae,D_5__Moraxella,D_5__Moraxella,0.9782304
d7bcef80ac9a8b1c5e73a938a7f9f798,D_1__Proteobacteria,D_2__Gammaproteobacteria,D_3__Oceanospirillales,D_4__Marinomonadaceae,D_5__Marinomonas,D_5__Marinomonas,0.9999999
d7c175c5b206160e3c14ffd3ae2019d7,D_1__Proteobacteria,D_2__Gammaproteobacteria,D_3__Alteromonadales,D_4__Pseudoalteromonadaceae,D_5__Pseudoalteromonas,D_5__Pseudoalteromonas,0.9996833
d86c101657df929d8d65cd6ddfacfa2b,D_1__Bacteroidetes,D_2__Bacteroidia,D_3__Bacteroidales,D_4__Dysgonomonadaceae,D_5__Fermentimonas,D_6__uncultured bacterium,0.7298824
da6a7cba87e0895b9cbe6037b9bd8b3b,D_1__Bacteroidetes,D_2__Bacteroidia,D_3__Bacteroidales,D_4__Prevotellaceae,D_5__Prevotella 9,D_5__Prevotella 9,0.9999993
daba6651b05139322b84740581dd448e,D_1__Tenericutes,D_2__Mollicutes,D_3__Mycoplasmatales,D_4__Mycoplasmataceae,D_5__Mycoplasma,D_6__Mycoplasma dispar,0.9871721
daf30b2bf33e76da5344dad26f2971a4,D_1__Bacteroidetes,D_2__Bacteroidia,D_3__Bacteroidales,D_4__Dysgonomonadaceae,D_5__uncultured,D_6__Petrimonas sp. feline oral taxon 112,0.9462225
db71e335bc263a02d10d6331d567e4ba,D_1__Proteobacteria,D_2__Gammaproteobacteria,D_3__Xanthomonadales,D_4__Xanthomonadaceae,D_5__Stenotrophomonas,D_5__Stenotrophomonas,0.999968
dcba105f35d8ebc9e22269c7491ad3a7,D_1__Proteobacteria,D_2__Gammaproteobacteria,D_3__Xanthomonadales,D_4__Xanthomonadaceae,D_5__Stenotrophomonas,D_5__Stenotrophomonas,0.9999871
dcf6e0b538afafafbc0ceaa44bf57cf2,D_1__Firmicutes,D_2__Bacilli,D_3__Lactobacillales,D_4__Aerococcaceae,D_5__Aerosphaera,D_6__uncultured bacterium,0.8545267
dd273666cbd725e1c0d2db2800ce8912,D_1__Fusobacteria,D_2__Fusobacteriia,D_3__Fusobacteriales,D_4__Leptotrichiaceae,D_5__Hypnocyclicus,D_6__uncultured bacterium,0.9357019
def0aa64725fcdd675d1df8ecfdc1b1b,D_1__Proteobacteria,D_2__Gammaproteobacteria,D_3__Alteromonadales,D_4__Alteromonadaceae,D_5__Rheinheimera,D_5__Rheinheimera,0.999959
df031cac71bcde495c611bd4fac2b75a,D_1__Actinobacteria,D_2__Actinobacteria,D_3__Micrococcales,D_4__Brevibacteriaceae,D_5__Brevibacterium,D_5__Brevibacterium,0.9999995
df68df6c439ec5d9692d70bb26b7e53f,D_1__Epsilonbacteraeota,D_2__Campylobacteria,D_3__Campylobacterales,D_4__Arcobacteraceae,D_5__Arcobacter,D_6__Arcobacter butzleri,0.9828492
dfed1d9825f6bc27002d7fcfe1382af1,D_1__Bacteroidetes,D_2__Bacteroidia,D_3__Bacteroidales,D_4__Prevotellaceae,D_5__Prevotella 1,D_6__uncultured bacterium,0.9987436
e048eb5d68ff0dd3fd2c9485aa0d5c70,D_1__Bacteroidetes,D_2__Bacteroidia,D_3__Bacteroidales,D_4__Paludibacteraceae,D_5__H1,D_6__uncultured bacterium,0.8708072
e0fc7e9a421580cbfcfa30cfa0917791,D_1__Firmicutes,D_2__Clostridia,D_3__Clostridiales,D_4__Ruminococcaceae,D_5__Subdoligranulum,D_5__Subdoligranulum,0.999948
e147f17187ee6e0d8e84bdd370bfb053,D_1__Firmicutes,D_2__Bacilli,D_3__Lactobacillales,D_4__Lactobacillaceae,D_5__Lactobacillus,D_5__Lactobacillus,0.9999987
e224dacaa320b4c38dff0117925020fe,D_1__Actinobacteria,D_2__Actinobacteria,D_3__Actinomycetales,D_4__Actinomycetaceae,D_5__Flaviflexus,D_6__uncultured bacterium,0.971089
e335f74033bc634af43ee6baa84fa247,D_1__Firmicutes,D_2__Clostridia,D_3__Clostridiales,D_4__Peptostreptococcaceae,D_5__Romboutsia,D_5__Romboutsia,0.973957
e3a0a2d8316f0af7d48c8284931cc8e5,D_1__Proteobacteria,D_2__Gammaproteobacteria,D_3__Betaproteobacteriales,D_4__Neisseriaceae,D_5__Uruburuella,D_5__Uruburuella,0.9603509
e3c944b3f0da2607c261fb25484c89bd,D_1__Bacteroidetes,D_2__Bacteroidia,D_3__Bacteroidales,D_4__Rikenellaceae,D_5__Rikenellaceae RC9 gut group,D_6__uncultured bacterium,0.9904531
e3e131a7b449aa5e40379a9ef40c2fe7,D_1__Proteobacteria,D_2__Gammaproteobacteria,D_3__Cellvibrionales,D_4__Cellvibrionaceae,D_5__Cellvibrio,D_6__uncultured bacterium,0.9983927
e3ff764bda6046d5c709e54d1c8129aa,D_1__Proteobacteria,D_2__Gammaproteobacteria,D_3__Beggiatoales,D_4__Beggiatoaceae,D_5__Beggiatoa,D_6__metagenome,0.9999296
e4304c9496921fcf8a88c1ef30dfd0eb,D_1__Proteobacteria,D_2__Alphaproteobacteria,D_3__Sphingomonadales,D_4__Sphingomonadaceae,D_4__Sphingomonadaceae,D_4__Sphingomonadaceae,1
e54b40712e2f6b102c410fa6786140de,D_1__Bacteroidetes,D_2__Bacteroidia,D_3__Flavobacteriales,D_4__Flavobacteriaceae,D_5__Flavobacterium,D_5__Flavobacterium,1
e57c5df6a9b3b982472e7754ed31f313,D_1__Proteobacteria,D_2__Gammaproteobacteria,D_3__Betaproteobacteriales,D_4__Burkholderiaceae,D_5__Massilia,D_5__Massilia,0.9971598
e5aba9654243ea3a793d4449c5d55cfd,D_1__Actinobacteria,D_2__Actinobacteria,D_3__Micrococcales,D_4__Intrasporangiaceae,D_5__Ornithinimicrobium,D_6__uncultured bacterium,0.746422
e5ad28d9ad4c66a3db715a338ab82c11,D_1__Proteobacteria,D_2__Deltaproteobacteria,D_3__Bradymonadales,D_3__Bradymonadales,D_3__Bradymonadales,D_3__Bradymonadales,0.9998823
e5c19d7800b18015f3a917fc015fc42f,D_1__Proteobacteria,D_2__Gammaproteobacteria,D_3__Pseudomonadales,D_4__Moraxellaceae,D_5__Enhydrobacter,D_5__Enhydrobacter,1
e61a7bc42a30f0ca4f170b5e3f6cad0c,D_1__Bacteroidetes,D_2__Bacteroidia,D_3__Flavobacteriales,D_4__Weeksellaceae,D_5__Chryseobacterium,D_5__Chryseobacterium,0.9999874
e7bf2a45eb2380b37a67dd371466025a,D_1__Bacteroidetes,D_2__Bacteroidia,D_3__Bacteroidales,D_4__Bacteroidaceae,D_5__Bacteroides,D_6__uncultured Bacteroides sp.,0.9967795
e7dd01d01c0203abc3708549d99e4e9c,D_1__Firmicutes,D_2__Bacilli,D_3__Bacillales,D_4__Staphylococcaceae,D_5__Staphylococcus,D_6__Staphylococcus sciuri,0.7720264
e89dace828bd950fc51036b67f2a35ba,D_1__Proteobacteria,D_2__Gammaproteobacteria,D_3__Xanthomonadales,D_4__Xanthomonadaceae,D_5__Stenotrophomonas,D_5__Stenotrophomonas,0.9999997
e8f5731998f7f28d52964a86f7b8a8d4,D_1__Proteobacteria,D_2__Gammaproteobacteria,D_3__Pseudomonadales,D_4__Moraxellaceae,D_5__Acinetobacter,D_5__Acinetobacter,0.9999996
e91cdc2abb4d2d61ec9a9086e27c1c26,D_1__Firmicutes,D_2__Clostridia,D_3__Clostridiales,D_4__Lachnospiraceae,D_5__Coprococcus 2,D_6__uncultured bacterium,0.9797432
ea403646ed22d679fa4586263d8fc32f,D_1__Proteobacteria,D_2__Gammaproteobacteria,D_3__Pseudomonadales,D_4__Moraxellaceae,D_5__Acinetobacter,D_5__Acinetobacter,0.999865
ebe079455907ab61cba05c45537905e4,D_1__Firmicutes,D_2__Clostridia,D_3__Clostridiales,D_4__Clostridiaceae 1,D_5__Proteiniclasticum,D_6__uncultured bacterium,0.7386775
ecc423b8fefd03a92aa1a97fc74a654c,D_1__Proteobacteria,D_2__Gammaproteobacteria,D_3__Betaproteobacteriales,D_4__Burkholderiaceae,D_5__Achromobacter,D_5__Achromobacter,0.8866848
edac41df0daf00e30983ab377d714683,D_1__Proteobacteria,D_2__Gammaproteobacteria,D_3__Pseudomonadales,D_4__Moraxellaceae,D_5__Psychrobacter,D_5__Psychrobacter,0.8013349
ee985f808dda53c8c12eb91de3ae91cd,D_1__Bacteroidetes,D_2__Bacteroidia,D_3__Sphingobacteriales,D_4__Sphingobacteriaceae,D_4__Sphingobacteriaceae,D_4__Sphingobacteriaceae,1
ef993b7b5f1fd783a30ce03a7c79a251,D_1__Bacteroidetes,D_2__Bacteroidia,D_3__Bacteroidales,D_4__Paludibacteraceae,D_5__Paludibacter,D_5__Paludibacter,0.743767
efb72bb575891797987648726db87121,D_1__Tenericutes,D_2__Mollicutes,D_3__Mycoplasmatales,D_4__Mycoplasmataceae,D_5__Ureaplasma,D_6__Ureaplasma diversum,0.9998304
f19a711776291576f4f21308edf2f26b,D_1__Firmicutes,D_2__Clostridia,D_3__Clostridiales,D_4__Clostridiaceae 1,D_5__Proteiniclasticum,D_6__uncultured bacterium,0.8343232
f1eb372635240322c36cc8d43ad0b70f,D_1__Bacteroidetes,D_2__Bacteroidia,D_3__Bacteroidales,D_4__Prevotellaceae,D_5__Prevotellaceae NK3B31 group,D_6__metagenome,0.9775233
f23ae79b8e8f9da6aacd23180c2361db,D_1__Bacteroidetes,D_2__Bacteroidia,D_3__Cytophagales,D_4__Hymenobacteraceae,D_5__Hymenobacter,D_5__Hymenobacter,1
f4368168548b805632abced105a7ca94,D_1__Proteobacteria,D_2__Deltaproteobacteria,D_3__Desulfobacterales,D_4__Desulfobulbaceae,D_5__Desulfobulbus,D_6__uncultured bacterium,0.9650588
f4c0e6ce6d54fce1477bd1c46e6786a2,D_1__Bacteroidetes,D_2__Bacteroidia,D_3__Bacteroidales,D_4__Prevotellaceae,D_5__Prevotellaceae UCG-001,D_6__uncultured bacterium,0.9859667
f4c25d36e800c9a2b058a1aa3ba79f7f,D_1__Proteobacteria,D_2__Gammaproteobacteria,D_3__Vibrionales,D_4__Vibrionaceae,D_5__Vibrio,D_5__Vibrio,0.9971257
f56566b9edcbf96da43ee473d274c861,D_1__Patescibacteria,D_2__Parcubacteria,D_2__Parcubacteria,D_2__Parcubacteria,D_2__Parcubacteria,D_2__Parcubacteria,1
f5bfbf665081e0133bdcba9fcfc6023d,D_1__Bacteroidetes,D_2__Bacteroidia,D_3__Bacteroidales,D_4__Prevotellaceae,D_5__Prevotellaceae UCG-003,D_6__uncultured bacterium,0.9676284
f69e7063d12ee65e0af2c35daa0c246a,D_1__Firmicutes,D_2__Bacilli,D_3__Lactobacillales,D_4__Lactobacillaceae,D_5__Lactobacillus,D_6__Lactobacillus amylotrophicus,0.8189015
f720e49636db4554817301e05c750c21,D_1__Proteobacteria,D_2__Gammaproteobacteria,D_3__Pasteurellales,D_4__Pasteurellaceae,D_4__Pasteurellaceae,D_4__Pasteurellaceae,0.9999957
f7f793929e1efda07e06db5e0d8a120a,D_1__Proteobacteria,D_2__Alphaproteobacteria,D_3__Rhizobiales,D_4__Rhizobiaceae,D_4__Rhizobiaceae,D_4__Rhizobiaceae,0.9998784
fc7df274fee4d2c973550ee6827ed717,D_1__Bacteroidetes,D_2__Bacteroidia,D_3__Flavobacteriales,D_4__Flavobacteriaceae,D_5__Myroides,D_6__Myroides odoratimimus,0.8497879
fccbdff8fac6bb4a77fa3e3d96e7ec2a,D_1__Bacteroidetes,D_2__Bacteroidia,D_3__Flavobacteriales,D_4__Weeksellaceae,D_5__Chryseobacterium,D_5__Chryseobacterium,0.9999998
fe3a877a797be6fb0f0c646fdb0153a7,D_1__Bacteroidetes,D_2__Bacteroidia,D_3__Bacteroidales,D_4__Tannerellaceae,D_5__Parabacteroides,D_6__uncultured bacterium,0.9854613
feafc0ac2b4026cc0319dc6ec1dd4282,D_1__Proteobacteria,D_2__Gammaproteobacteria,D_3__Betaproteobacteriales,D_4__Burkholderiaceae,D_5__Parapusillimonas,D_5__Parapusillimonas,0.7751933